{"cameraMode":{"drawMode":0,"name":"Shaded","section":"Shading Mode"},"sceneLighting":true,"audioPlay":false,"sceneViewState":{"m_AlwaysRefresh":false,"showFog":true,"showSkybox":true,"showFlares":true,"showImageEffects":true,"showParticleSystems":true,"showVisualEffectGraphs":true,"m_FxEnabled":true},"in2DMode":false,"pivot":{"x":216.0962677001953,"y":155.45407104492188,"z":-5.454907417297363},"rotation":{"x":-0.005999421235173941,"y":0.013499344699084759,"z":0.00008099705155473202,"w":0.9998908042907715},"size":169.2284698486328,"orthographic":true}