{"cameraMode":{"drawMode":0,"name":"Shaded","section":"Shading Mode"},"sceneLighting":true,"audioPlay":false,"sceneViewState":{"m_AlwaysRefresh":false,"showFog":true,"showSkybox":true,"showFlares":true,"showImageEffects":true,"showParticleSystems":true,"showVisualEffectGraphs":true,"m_FxEnabled":true},"in2DMode":false,"pivot":{"x":-0.0649140253663063,"y":1.9833269119262696,"z":-6.557701587677002},"rotation":{"x":0.0689375251531601,"y":0.014963754452764988,"z":-0.0010341368615627289,"w":0.9975087642669678},"size":0.7242544293403626,"orthographic":false}