{"cameraMode":{"drawMode":0,"name":"Shaded","section":"Shading Mode"},"sceneLighting":true,"audioPlay":false,"sceneViewState":{"m_AlwaysRefresh":false,"showFog":true,"showSkybox":true,"showFlares":true,"showImageEffects":true,"showParticleSystems":true,"showVisualEffectGraphs":true,"m_FxEnabled":true},"in2DMode":false,"pivot":{"x":80.89314270019531,"y":92.40971374511719,"z":4.725818634033203},"rotation":{"x":-0.005999421235173941,"y":0.013499344699084759,"z":0.00008099705155473202,"w":0.9998908042907715},"size":167.20335388183595,"orthographic":true}